elapsed_s,timestamp,gpu_uuid,sm_clock_mhz,mem_clock_mhz,temp_c,power_w,util_pct
0.1,2026/09/22 06:27:18.592,GPU-f7f152a8-7ef2-fa17-4745-38a374331d8c,210,405,28,21.71,0
5.2,2026/09/22 06:27:23.677,GPU-f7f152a8-7ef2-fa17-4745-38a374331d8c,2415,10501,61,448.58,99
10.3,2026/09/22 06:27:28.761,GPU-f7f152a8-7ef2-fa17-4745-38a374331d8c,2415,10501,62,449.7,99
15.3,2026/09/22 06:27:33.848,GPU-f7f152a8-7ef2-fa17-4745-38a374331d8c,2400,10501,65,449.98,99
20.4,2026/09/22 06:27:38.932,GPU-f7f152a8-7ef2-fa17-4745-38a374331d8c,2370,10501,67,450.58,99
25.5,2026/09/22 06:27:44.028,GPU-f7f152a8-7ef2-fa17-4745-38a374331d8c,2370,10501,69,450.21,99
30.6,2026/09/22 06:27:49.112,GPU-f7f152a8-7ef2-fa17-4745-38a374331d8c,2370,10501,70,449.53,99
35.7,2026/09/22 06:27:54.205,GPU-f7f152a8-7ef2-fa17-4745-38a374331d8c,2370,10501,71,448.34,99
40.8,2026/09/22 06:27:59.293,GPU-f7f152a8-7ef2-fa17-4745-38a374331d8c,2370,10501,71,448.88,99
45.9,2026/09/22 06:28:04.377,GPU-f7f152a8-7ef2-fa17-4745-38a374331d8c,2370,10501,72,449.46,99
51.0,2026/09/22 06:28:09.464,GPU-f7f152a8-7ef2-fa17-4745-38a374331d8c,2370,10501,72,448.55,99
56.0,2026/09/22 06:28:14.553,GPU-f7f152a8-7ef2-fa17-4745-38a374331d8c,2355,10501,73,448.54,99
61.1,2026/09/22 06:28:19.643,GPU-f7f152a8-7ef2-fa17-4745-38a374331d8c,2370,10501,73,449.61,99
66.2,2026/09/22 06:28:24.733,GPU-f7f152a8-7ef2-fa17-4745-38a374331d8c,2370,10501,74,449.37,99
71.3,2026/09/22 06:28:29.820,GPU-f7f152a8-7ef2-fa17-4745-38a374331d8c,2370,10501,74,449.11,99
76.4,2026/09/22 06:28:34.909,GPU-f7f152a8-7ef2-fa17-4745-38a374331d8c,2370,10501,74,448.91,99
81.5,2026/09/22 06:28:39.998,GPU-f7f152a8-7ef2-fa17-4745-38a374331d8c,2355,10501,75,449.45,99
86.6,2026/09/22 06:28:45.088,GPU-f7f152a8-7ef2-fa17-4745-38a374331d8c,2355,10501,75,449.25,99
91.7,2026/09/22 06:28:50.190,GPU-f7f152a8-7ef2-fa17-4745-38a374331d8c,2340,10501,75,449.68,99
96.8,2026/09/22 06:28:55.280,GPU-f7f152a8-7ef2-fa17-4745-38a374331d8c,2355,10501,76,449.53,99
101.9,2026/09/22 06:29:00.378,GPU-f7f152a8-7ef2-fa17-4745-38a374331d8c,2355,10501,76,449.61,99
107.0,2026/09/22 06:29:05.469,GPU-f7f152a8-7ef2-fa17-4745-38a374331d8c,2340,10501,76,449.89,99
112.1,2026/09/22 06:29:10.557,GPU-f7f152a8-7ef2-fa17-4745-38a374331d8c,2340,10501,76,449.9,99
117.1,2026/09/22 06:29:15.646,GPU-f7f152a8-7ef2-fa17-4745-38a374331d8c,2340,10501,76,449.7,99
122.2,2026/09/22 06:29:20.733,GPU-f7f152a8-7ef2-fa17-4745-38a374331d8c,2340,10501,77,449.77,99
127.3,2026/09/22 06:29:25.824,GPU-f7f152a8-7ef2-fa17-4745-38a374331d8c,2340,10501,77,449.85,99
132.4,2026/09/22 06:29:30.913,GPU-f7f152a8-7ef2-fa17-4745-38a374331d8c,2340,10501,77,449.84,99
137.5,2026/09/22 06:29:35.989,GPU-f7f152a8-7ef2-fa17-4745-38a374331d8c,2340,10501,77,449.85,99
142.6,2026/09/22 06:29:41.081,GPU-f7f152a8-7ef2-fa17-4745-38a374331d8c,2340,10501,77,449.86,99
147.7,2026/09/22 06:29:46.169,GPU-f7f152a8-7ef2-fa17-4745-38a374331d8c,2340,10501,77,449.84,99
152.8,2026/09/22 06:29:51.256,GPU-f7f152a8-7ef2-fa17-4745-38a374331d8c,2340,10501,77,449.92,99
157.8,2026/09/22 06:29:56.345,GPU-f7f152a8-7ef2-fa17-4745-38a374331d8c,2340,10501,77,449.96,99
162.9,2026/09/22 06:30:01.437,GPU-f7f152a8-7ef2-fa17-4745-38a374331d8c,2340,10501,78,450.15,99
168.0,2026/09/22 06:30:06.528,GPU-f7f152a8-7ef2-fa17-4745-38a374331d8c,2340,10501,78,449.84,99
173.1,2026/09/22 06:30:11.617,GPU-f7f152a8-7ef2-fa17-4745-38a374331d8c,2340,10501,78,450.09,99
178.2,2026/09/22 06:30:16.705,GPU-f7f152a8-7ef2-fa17-4745-38a374331d8c,2340,10501,78,450.07,99
183.3,2026/09/22 06:30:21.793,GPU-f7f152a8-7ef2-fa17-4745-38a374331d8c,2340,10501,78,449.91,99
188.4,2026/09/22 06:30:26.885,GPU-f7f152a8-7ef2-fa17-4745-38a374331d8c,2340,10501,78,450.22,99
193.5,2026/09/22 06:30:31.953,GPU-f7f152a8-7ef2-fa17-4745-38a374331d8c,2325,10501,78,450.11,99
198.5,2026/09/22 06:30:37.046,GPU-f7f152a8-7ef2-fa17-4745-38a374331d8c,2325,10501,78,449.89,99
203.6,2026/09/22 06:30:42.133,GPU-f7f152a8-7ef2-fa17-4745-38a374331d8c,2340,10501,78,449.85,99
208.7,2026/09/22 06:30:47.225,GPU-f7f152a8-7ef2-fa17-4745-38a374331d8c,2325,10501,78,449.97,99
213.8,2026/09/22 06:30:52.321,GPU-f7f152a8-7ef2-fa17-4745-38a374331d8c,2340,10501,78,449.99,99
218.9,2026/09/22 06:30:57.412,GPU-f7f152a8-7ef2-fa17-4745-38a374331d8c,2325,10501,78,449.83,99
224.0,2026/09/22 06:31:02.502,GPU-f7f152a8-7ef2-fa17-4745-38a374331d8c,2340,10501,78,450.19,99
229.1,2026/09/22 06:31:07.592,GPU-f7f152a8-7ef2-fa17-4745-38a374331d8c,2325,10501,78,450.19,99
234.2,2026/09/22 06:31:12.681,GPU-f7f152a8-7ef2-fa17-4745-38a374331d8c,2340,10501,79,449.94,99
239.3,2026/09/22 06:31:17.769,GPU-f7f152a8-7ef2-fa17-4745-38a374331d8c,2340,10501,79,449.93,99
244.4,2026/09/22 06:31:22.857,GPU-f7f152a8-7ef2-fa17-4745-38a374331d8c,2325,10501,79,450.21,99
249.4,2026/09/22 06:31:27.945,GPU-f7f152a8-7ef2-fa17-4745-38a374331d8c,2325,10501,79,449.79,99
254.5,2026/09/22 06:31:33.034,GPU-f7f152a8-7ef2-fa17-4745-38a374331d8c,2340,10501,79,450.02,99
259.6,2026/09/22 06:31:38.125,GPU-f7f152a8-7ef2-fa17-4745-38a374331d8c,2340,10501,79,450.17,99
264.7,2026/09/22 06:31:43.221,GPU-f7f152a8-7ef2-fa17-4745-38a374331d8c,2340,10501,79,450.05,99
269.8,2026/09/22 06:31:48.309,GPU-f7f152a8-7ef2-fa17-4745-38a374331d8c,2325,10501,79,450.19,99
274.9,2026/09/22 06:31:53.397,GPU-f7f152a8-7ef2-fa17-4745-38a374331d8c,2340,10501,79,450.06,99
280.0,2026/09/22 06:31:58.492,GPU-f7f152a8-7ef2-fa17-4745-38a374331d8c,2325,10501,79,449.99,99
285.1,2026/09/22 06:32:03.581,GPU-f7f152a8-7ef2-fa17-4745-38a374331d8c,2325,10501,79,450.06,99
290.2,2026/09/22 06:32:08.669,GPU-f7f152a8-7ef2-fa17-4745-38a374331d8c,2325,10501,79,450.0,99
295.3,2026/09/22 06:32:13.757,GPU-f7f152a8-7ef2-fa17-4745-38a374331d8c,2325,10501,79,450.16,99
300.3,2026/09/22 06:32:18.845,GPU-f7f152a8-7ef2-fa17-4745-38a374331d8c,2325,10501,79,450.14,99
305.4,2026/09/22 06:32:23.937,GPU-f7f152a8-7ef2-fa17-4745-38a374331d8c,2325,10501,79,450.16,99
310.5,2026/09/22 06:32:29.028,GPU-f7f152a8-7ef2-fa17-4745-38a374331d8c,2325,10501,79,450.17,99
315.6,2026/09/22 06:32:34.124,GPU-f7f152a8-7ef2-fa17-4745-38a374331d8c,2325,10501,79,449.96,99
320.7,2026/09/22 06:32:39.212,GPU-f7f152a8-7ef2-fa17-4745-38a374331d8c,2340,10501,79,450.26,99
325.8,2026/09/22 06:32:44.301,GPU-f7f152a8-7ef2-fa17-4745-38a374331d8c,2325,10501,79,449.56,99
330.9,2026/09/22 06:32:49.389,GPU-f7f152a8-7ef2-fa17-4745-38a374331d8c,2325,10501,79,450.13,99
336.0,2026/09/22 06:32:54.477,GPU-f7f152a8-7ef2-fa17-4745-38a374331d8c,2325,10501,79,450.19,99
341.0,2026/09/22 06:32:59.526,GPU-f7f152a8-7ef2-fa17-4745-38a374331d8c,2340,10501,79,450.18,99
346.1,2026/09/22 06:33:04.575,GPU-f7f152a8-7ef2-fa17-4745-38a374331d8c,2340,10501,79,450.36,99
351.1,2026/09/22 06:33:09.622,GPU-f7f152a8-7ef2-fa17-4745-38a374331d8c,2325,10501,79,450.3,99
356.2,2026/09/22 06:33:14.671,GPU-f7f152a8-7ef2-fa17-4745-38a374331d8c,2325,10501,79,450.33,99
361.3,2026/09/22 06:33:19.758,GPU-f7f152a8-7ef2-fa17-4745-38a374331d8c,2325,10501,79,450.22,99
366.3,2026/09/22 06:33:24.809,GPU-f7f152a8-7ef2-fa17-4745-38a374331d8c,2340,10501,79,450.1,99
371.4,2026/09/22 06:33:29.859,GPU-f7f152a8-7ef2-fa17-4745-38a374331d8c,2325,10501,79,450.14,99
376.5,2026/09/22 06:33:34.945,GPU-f7f152a8-7ef2-fa17-4745-38a374331d8c,2340,10501,79,450.44,99
381.5,2026/09/22 06:33:40.021,GPU-f7f152a8-7ef2-fa17-4745-38a374331d8c,2340,10501,79,449.79,99
386.6,2026/09/22 06:33:45.113,GPU-f7f152a8-7ef2-fa17-4745-38a374331d8c,2310,10501,79,449.75,99
391.7,2026/09/22 06:33:50.194,GPU-f7f152a8-7ef2-fa17-4745-38a374331d8c,2325,10501,79,450.17,99
396.8,2026/09/22 06:33:55.260,GPU-f7f152a8-7ef2-fa17-4745-38a374331d8c,2325,10501,79,450.0,99
401.8,2026/09/22 06:34:00.350,GPU-f7f152a8-7ef2-fa17-4745-38a374331d8c,2340,10501,79,450.33,99
406.9,2026/09/22 06:34:05.398,GPU-f7f152a8-7ef2-fa17-4745-38a374331d8c,2325,10501,79,450.15,99
412.0,2026/09/22 06:34:10.485,GPU-f7f152a8-7ef2-fa17-4745-38a374331d8c,2325,10501,79,450.1,99
417.1,2026/09/22 06:34:15.577,GPU-f7f152a8-7ef2-fa17-4745-38a374331d8c,2325,10501,79,450.11,99
422.1,2026/09/22 06:34:20.627,GPU-f7f152a8-7ef2-fa17-4745-38a374331d8c,2325,10501,79,450.08,99
427.2,2026/09/22 06:34:25.697,GPU-f7f152a8-7ef2-fa17-4745-38a374331d8c,2340,10501,79,450.07,99
432.3,2026/09/22 06:34:30.784,GPU-f7f152a8-7ef2-fa17-4745-38a374331d8c,2325,10501,79,450.2,99
437.4,2026/09/22 06:34:35.877,GPU-f7f152a8-7ef2-fa17-4745-38a374331d8c,2340,10501,79,449.95,99
442.4,2026/09/22 06:34:40.945,GPU-f7f152a8-7ef2-fa17-4745-38a374331d8c,2325,10501,79,450.08,99
447.5,2026/09/22 06:34:46.036,GPU-f7f152a8-7ef2-fa17-4745-38a374331d8c,2340,10501,79,449.89,99
452.6,2026/09/22 06:34:51.087,GPU-f7f152a8-7ef2-fa17-4745-38a374331d8c,2325,10501,79,450.05,99
457.7,2026/09/22 06:34:56.177,GPU-f7f152a8-7ef2-fa17-4745-38a374331d8c,2325,10501,79,450.11,99
462.7,2026/09/22 06:35:01.225,GPU-f7f152a8-7ef2-fa17-4745-38a374331d8c,2340,10501,79,449.98,99
467.8,2026/09/22 06:35:06.264,GPU-f7f152a8-7ef2-fa17-4745-38a374331d8c,2325,10501,79,450.11,99
472.9,2026/09/22 06:35:11.360,GPU-f7f152a8-7ef2-fa17-4745-38a374331d8c,2325,10501,79,450.05,99
477.9,2026/09/22 06:35:16.452,GPU-f7f152a8-7ef2-fa17-4745-38a374331d8c,2325,10501,79,450.07,99
483.0,2026/09/22 06:35:21.505,GPU-f7f152a8-7ef2-fa17-4745-38a374331d8c,2340,10501,79,450.07,99
488.1,2026/09/22 06:35:26.596,GPU-f7f152a8-7ef2-fa17-4745-38a374331d8c,2325,10501,79,450.04,99
493.2,2026/09/22 06:35:31.688,GPU-f7f152a8-7ef2-fa17-4745-38a374331d8c,2340,10501,79,450.1,99
498.2,2026/09/22 06:35:36.720,GPU-f7f152a8-7ef2-fa17-4745-38a374331d8c,2325,10501,79,450.05,99
503.3,2026/09/22 06:35:41.820,GPU-f7f152a8-7ef2-fa17-4745-38a374331d8c,2325,10501,79,450.2,99
508.4,2026/09/22 06:35:46.913,GPU-f7f152a8-7ef2-fa17-4745-38a374331d8c,2325,10501,79,450.2,99
513.4,2026/09/22 06:35:51.942,GPU-f7f152a8-7ef2-fa17-4745-38a374331d8c,2325,10501,79,450.27,99
518.5,2026/09/22 06:35:57.045,GPU-f7f152a8-7ef2-fa17-4745-38a374331d8c,2340,10501,79,450.11,99
523.6,2026/09/22 06:36:02.133,GPU-f7f152a8-7ef2-fa17-4745-38a374331d8c,2325,10501,79,449.96,99
528.7,2026/09/22 06:36:07.213,GPU-f7f152a8-7ef2-fa17-4745-38a374331d8c,2340,10501,78,449.96,99
533.8,2026/09/22 06:36:12.301,GPU-f7f152a8-7ef2-fa17-4745-38a374331d8c,2325,10501,79,450.2,99
538.8,2026/09/22 06:36:17.353,GPU-f7f152a8-7ef2-fa17-4745-38a374331d8c,2310,10501,79,449.55,99
543.9,2026/09/22 06:36:22.421,GPU-f7f152a8-7ef2-fa17-4745-38a374331d8c,2340,10501,79,450.07,99
549.0,2026/09/22 06:36:27.489,GPU-f7f152a8-7ef2-fa17-4745-38a374331d8c,2325,10501,79,450.28,99
554.1,2026/09/22 06:36:32.577,GPU-f7f152a8-7ef2-fa17-4745-38a374331d8c,2325,10501,79,449.95,99
559.2,2026/09/22 06:36:37.665,GPU-f7f152a8-7ef2-fa17-4745-38a374331d8c,2340,10501,79,450.01,99
564.2,2026/09/22 06:36:42.753,GPU-f7f152a8-7ef2-fa17-4745-38a374331d8c,2325,10501,79,450.13,99
569.3,2026/09/22 06:36:47.841,GPU-f7f152a8-7ef2-fa17-4745-38a374331d8c,2325,10501,79,450.05,99
574.4,2026/09/22 06:36:52.891,GPU-f7f152a8-7ef2-fa17-4745-38a374331d8c,2325,10501,79,450.05,99
579.5,2026/09/22 06:36:57.976,GPU-f7f152a8-7ef2-fa17-4745-38a374331d8c,2325,10501,79,449.84,99
584.6,2026/09/22 06:37:03.061,GPU-f7f152a8-7ef2-fa17-4745-38a374331d8c,2340,10501,79,450.15,99
589.6,2026/09/22 06:37:08.144,GPU-f7f152a8-7ef2-fa17-4745-38a374331d8c,2325,10501,79,450.03,99
594.7,2026/09/22 06:37:13.229,GPU-f7f152a8-7ef2-fa17-4745-38a374331d8c,2325,10501,79,450.15,99
599.8,2026/09/22 06:37:18.313,GPU-f7f152a8-7ef2-fa17-4745-38a374331d8c,2325,10501,79,450.4,99
604.9,2026/09/22 06:37:23.400,GPU-f7f152a8-7ef2-fa17-4745-38a374331d8c,2340,10501,79,449.96,99
610.0,2026/09/22 06:37:28.485,GPU-f7f152a8-7ef2-fa17-4745-38a374331d8c,2325,10501,79,450.12,99
615.1,2026/09/22 06:37:33.569,GPU-f7f152a8-7ef2-fa17-4745-38a374331d8c,2325,10501,79,449.96,99
620.1,2026/09/22 06:37:38.653,GPU-f7f152a8-7ef2-fa17-4745-38a374331d8c,2340,10501,79,450.08,99
625.2,2026/09/22 06:37:43.699,GPU-f7f152a8-7ef2-fa17-4745-38a374331d8c,2325,10501,79,450.13,99
630.3,2026/09/22 06:37:48.785,GPU-f7f152a8-7ef2-fa17-4745-38a374331d8c,2325,10501,79,449.88,99
635.4,2026/09/22 06:37:53.869,GPU-f7f152a8-7ef2-fa17-4745-38a374331d8c,2325,10501,79,450.01,99
640.5,2026/09/22 06:37:58.957,GPU-f7f152a8-7ef2-fa17-4745-38a374331d8c,2325,10501,79,450.13,99
645.5,2026/09/22 06:38:04.045,GPU-f7f152a8-7ef2-fa17-4745-38a374331d8c,2340,10501,79,449.99,99
650.6,2026/09/22 06:38:09.136,GPU-f7f152a8-7ef2-fa17-4745-38a374331d8c,2325,10501,79,449.81,99
655.7,2026/09/22 06:38:14.187,GPU-f7f152a8-7ef2-fa17-4745-38a374331d8c,2325,10501,79,450.18,99
660.8,2026/09/22 06:38:19.273,GPU-f7f152a8-7ef2-fa17-4745-38a374331d8c,2325,10501,79,450.02,99
665.8,2026/09/22 06:38:24.357,GPU-f7f152a8-7ef2-fa17-4745-38a374331d8c,2325,10501,79,450.05,99
670.9,2026/09/22 06:38:29.441,GPU-f7f152a8-7ef2-fa17-4745-38a374331d8c,2340,10501,79,450.06,99
676.0,2026/09/22 06:38:34.530,GPU-f7f152a8-7ef2-fa17-4745-38a374331d8c,2340,10501,79,450.32,99
681.1,2026/09/22 06:38:39.613,GPU-f7f152a8-7ef2-fa17-4745-38a374331d8c,2340,10501,79,450.19,99
686.2,2026/09/22 06:38:44.697,GPU-f7f152a8-7ef2-fa17-4745-38a374331d8c,2325,10501,79,450.05,99
691.3,2026/09/22 06:38:49.780,GPU-f7f152a8-7ef2-fa17-4745-38a374331d8c,2325,10501,79,450.27,99
696.4,2026/09/22 06:38:54.865,GPU-f7f152a8-7ef2-fa17-4745-38a374331d8c,2325,10501,79,450.06,99
701.4,2026/09/22 06:38:59.949,GPU-f7f152a8-7ef2-fa17-4745-38a374331d8c,2325,10501,79,450.12,99
706.5,2026/09/22 06:39:05.033,GPU-f7f152a8-7ef2-fa17-4745-38a374331d8c,2325,10501,79,450.11,99
711.6,2026/09/22 06:39:10.101,GPU-f7f152a8-7ef2-fa17-4745-38a374331d8c,2325,10501,79,449.85,99
716.6,2026/09/22 06:39:15.154,GPU-f7f152a8-7ef2-fa17-4745-38a374331d8c,2340,10501,79,450.09,99
721.7,2026/09/22 06:39:20.183,GPU-f7f152a8-7ef2-fa17-4745-38a374331d8c,2325,10501,79,450.14,99
726.8,2026/09/22 06:39:25.269,GPU-f7f152a8-7ef2-fa17-4745-38a374331d8c,2325,10501,79,449.96,99
731.8,2026/09/22 06:39:30.332,GPU-f7f152a8-7ef2-fa17-4745-38a374331d8c,2325,10501,79,450.29,99
736.9,2026/09/22 06:39:35.417,GPU-f7f152a8-7ef2-fa17-4745-38a374331d8c,2340,10501,79,450.5,99
742.0,2026/09/22 06:39:40.501,GPU-f7f152a8-7ef2-fa17-4745-38a374331d8c,2325,10501,79,450.2,99
747.1,2026/09/22 06:39:45.584,GPU-f7f152a8-7ef2-fa17-4745-38a374331d8c,2325,10501,79,450.13,99
752.2,2026/09/22 06:39:50.669,GPU-f7f152a8-7ef2-fa17-4745-38a374331d8c,2325,10501,79,450.0,99
757.2,2026/09/22 06:39:55.753,GPU-f7f152a8-7ef2-fa17-4745-38a374331d8c,2325,10501,79,450.17,99
762.3,2026/09/22 06:40:00.837,GPU-f7f152a8-7ef2-fa17-4745-38a374331d8c,2340,10501,79,449.69,99
767.4,2026/09/22 06:40:05.920,GPU-f7f152a8-7ef2-fa17-4745-38a374331d8c,2340,10501,79,450.21,99
772.5,2026/09/22 06:40:11.005,GPU-f7f152a8-7ef2-fa17-4745-38a374331d8c,2325,10501,79,449.99,99
777.6,2026/09/22 06:40:16.091,GPU-f7f152a8-7ef2-fa17-4745-38a374331d8c,2325,10501,79,449.94,99
782.7,2026/09/22 06:40:21.181,GPU-f7f152a8-7ef2-fa17-4745-38a374331d8c,2325,10501,79,449.83,99
787.8,2026/09/22 06:40:26.269,GPU-f7f152a8-7ef2-fa17-4745-38a374331d8c,2325,10501,79,450.02,99
792.8,2026/09/22 06:40:31.299,GPU-f7f152a8-7ef2-fa17-4745-38a374331d8c,2340,10501,79,449.96,99
797.9,2026/09/22 06:40:36.388,GPU-f7f152a8-7ef2-fa17-4745-38a374331d8c,2340,10501,79,450.34,99
802.9,2026/09/22 06:40:41.439,GPU-f7f152a8-7ef2-fa17-4745-38a374331d8c,2310,10501,79,449.64,99
808.0,2026/09/22 06:40:46.490,GPU-f7f152a8-7ef2-fa17-4745-38a374331d8c,2340,10501,79,450.15,99
813.1,2026/09/22 06:40:51.557,GPU-f7f152a8-7ef2-fa17-4745-38a374331d8c,2325,10501,79,449.98,99
818.1,2026/09/22 06:40:56.645,GPU-f7f152a8-7ef2-fa17-4745-38a374331d8c,2325,10501,79,449.97,99
823.2,2026/09/22 06:41:01.733,GPU-f7f152a8-7ef2-fa17-4745-38a374331d8c,2325,10501,79,449.81,99
828.3,2026/09/22 06:41:06.821,GPU-f7f152a8-7ef2-fa17-4745-38a374331d8c,2325,10501,79,450.23,99
833.4,2026/09/22 06:41:11.904,GPU-f7f152a8-7ef2-fa17-4745-38a374331d8c,2325,10501,79,450.21,99
838.5,2026/09/22 06:41:16.989,GPU-f7f152a8-7ef2-fa17-4745-38a374331d8c,2325,10501,79,450.2,99
843.6,2026/09/22 06:41:22.073,GPU-f7f152a8-7ef2-fa17-4745-38a374331d8c,2325,10501,79,449.97,99
848.6,2026/09/22 06:41:27.157,GPU-f7f152a8-7ef2-fa17-4745-38a374331d8c,2325,10501,79,450.32,99
853.7,2026/09/22 06:41:32.240,GPU-f7f152a8-7ef2-fa17-4745-38a374331d8c,2325,10501,79,449.92,99
858.8,2026/09/22 06:41:37.306,GPU-f7f152a8-7ef2-fa17-4745-38a374331d8c,2325,10501,79,450.26,99
863.9,2026/09/22 06:41:42.393,GPU-f7f152a8-7ef2-fa17-4745-38a374331d8c,2325,10501,79,450.13,99
869.0,2026/09/22 06:41:47.461,GPU-f7f152a8-7ef2-fa17-4745-38a374331d8c,2310,10501,79,449.49,99
874.0,2026/09/22 06:41:52.545,GPU-f7f152a8-7ef2-fa17-4745-38a374331d8c,2325,10501,79,449.89,99
879.1,2026/09/22 06:41:57.591,GPU-f7f152a8-7ef2-fa17-4745-38a374331d8c,2325,10501,79,450.19,99
884.2,2026/09/22 06:42:02.677,GPU-f7f152a8-7ef2-fa17-4745-38a374331d8c,2325,10501,80,450.08,99
889.3,2026/09/22 06:42:07.768,GPU-f7f152a8-7ef2-fa17-4745-38a374331d8c,2325,10501,79,449.9,99
894.3,2026/09/22 06:42:12.853,GPU-f7f152a8-7ef2-fa17-4745-38a374331d8c,2325,10501,79,450.03,99
899.5,2026/09/22 06:42:18.007,GPU-f7f152a8-7ef2-fa17-4745-38a374331d8c,2325,10501,79,450.09,99
904.6,2026/09/22 06:42:23.092,GPU-f7f152a8-7ef2-fa17-4745-38a374331d8c,2325,10501,80,450.18,99
909.7,2026/09/22 06:42:28.176,GPU-f7f152a8-7ef2-fa17-4745-38a374331d8c,2325,10501,80,450.15,99
914.8,2026/09/22 06:42:33.260,GPU-f7f152a8-7ef2-fa17-4745-38a374331d8c,2325,10501,80,450.21,99
919.8,2026/09/22 06:42:38.345,GPU-f7f152a8-7ef2-fa17-4745-38a374331d8c,2325,10501,80,449.83,99
924.9,2026/09/22 06:42:43.428,GPU-f7f152a8-7ef2-fa17-4745-38a374331d8c,2325,10501,80,450.06,99
930.0,2026/09/22 06:42:48.492,GPU-f7f152a8-7ef2-fa17-4745-38a374331d8c,2340,10501,80,449.98,99
935.1,2026/09/22 06:42:53.576,GPU-f7f152a8-7ef2-fa17-4745-38a374331d8c,2325,10501,80,450.05,99
940.2,2026/09/22 06:42:58.660,GPU-f7f152a8-7ef2-fa17-4745-38a374331d8c,2325,10501,80,450.3,99
945.2,2026/09/22 06:43:03.744,GPU-f7f152a8-7ef2-fa17-4745-38a374331d8c,2340,10501,80,450.08,99
950.3,2026/09/22 06:43:08.828,GPU-f7f152a8-7ef2-fa17-4745-38a374331d8c,2325,10501,80,450.2,99
955.4,2026/09/22 06:43:13.916,GPU-f7f152a8-7ef2-fa17-4745-38a374331d8c,2340,10501,80,450.1,99
960.5,2026/09/22 06:43:19.004,GPU-f7f152a8-7ef2-fa17-4745-38a374331d8c,2325,10501,80,449.97,99
965.5,2026/09/22 06:43:24.050,GPU-f7f152a8-7ef2-fa17-4745-38a374331d8c,2325,10501,80,450.05,99
970.6,2026/09/22 06:43:29.132,GPU-f7f152a8-7ef2-fa17-4745-38a374331d8c,2325,10501,80,450.08,99
975.7,2026/09/22 06:43:34.212,GPU-f7f152a8-7ef2-fa17-4745-38a374331d8c,2325,10501,80,450.26,99
980.8,2026/09/22 06:43:39.296,GPU-f7f152a8-7ef2-fa17-4745-38a374331d8c,2325,10501,80,450.0,99
985.9,2026/09/22 06:43:44.380,GPU-f7f152a8-7ef2-fa17-4745-38a374331d8c,2325,10501,80,450.18,99
991.0,2026/09/22 06:43:49.465,GPU-f7f152a8-7ef2-fa17-4745-38a374331d8c,2340,10501,80,449.93,99
996.0,2026/09/22 06:43:54.548,GPU-f7f152a8-7ef2-fa17-4745-38a374331d8c,2325,10501,79,450.03,99
1001.1,2026/09/22 06:43:59.632,GPU-f7f152a8-7ef2-fa17-4745-38a374331d8c,2340,10501,79,450.45,99
1006.2,2026/09/22 06:44:04.716,GPU-f7f152a8-7ef2-fa17-4745-38a374331d8c,2325,10501,79,450.35,99
1011.3,2026/09/22 06:44:09.800,GPU-f7f152a8-7ef2-fa17-4745-38a374331d8c,2340,10501,79,450.37,99
1016.4,2026/09/22 06:44:14.884,GPU-f7f152a8-7ef2-fa17-4745-38a374331d8c,2325,10501,79,450.11,99
1021.5,2026/09/22 06:44:19.964,GPU-f7f152a8-7ef2-fa17-4745-38a374331d8c,2325,10501,79,450.26,99
1026.5,2026/09/22 06:44:25.048,GPU-f7f152a8-7ef2-fa17-4745-38a374331d8c,2325,10501,79,450.07,99
1031.6,2026/09/22 06:44:30.132,GPU-f7f152a8-7ef2-fa17-4745-38a374331d8c,2325,10501,79,449.92,99
1036.7,2026/09/22 06:44:35.226,GPU-f7f152a8-7ef2-fa17-4745-38a374331d8c,2340,10501,79,450.15,99
1041.8,2026/09/22 06:44:40.316,GPU-f7f152a8-7ef2-fa17-4745-38a374331d8c,2310,10501,79,450.17,99
1046.9,2026/09/22 06:44:45.401,GPU-f7f152a8-7ef2-fa17-4745-38a374331d8c,2325,10501,79,450.24,99
1052.0,2026/09/22 06:44:50.488,GPU-f7f152a8-7ef2-fa17-4745-38a374331d8c,2325,10501,79,450.11,99
1057.1,2026/09/22 06:44:55.574,GPU-f7f152a8-7ef2-fa17-4745-38a374331d8c,2325,10501,79,450.2,99
1062.2,2026/09/22 06:45:00.660,GPU-f7f152a8-7ef2-fa17-4745-38a374331d8c,2325,10501,79,450.17,99
1067.2,2026/09/22 06:45:05.748,GPU-f7f152a8-7ef2-fa17-4745-38a374331d8c,2325,10501,79,450.3,99
1072.3,2026/09/22 06:45:10.794,GPU-f7f152a8-7ef2-fa17-4745-38a374331d8c,2325,10501,79,449.99,99
1077.4,2026/09/22 06:45:15.889,GPU-f7f152a8-7ef2-fa17-4745-38a374331d8c,2340,10501,79,450.08,99
1082.5,2026/09/22 06:45:20.972,GPU-f7f152a8-7ef2-fa17-4745-38a374331d8c,2340,10501,79,450.03,99
1087.6,2026/09/22 06:45:26.063,GPU-f7f152a8-7ef2-fa17-4745-38a374331d8c,2325,10501,79,450.05,99
1092.6,2026/09/22 06:45:31.148,GPU-f7f152a8-7ef2-fa17-4745-38a374331d8c,2340,10501,79,450.21,99
1097.7,2026/09/22 06:45:36.232,GPU-f7f152a8-7ef2-fa17-4745-38a374331d8c,2325,10501,79,450.08,99
1102.8,2026/09/22 06:45:41.298,GPU-f7f152a8-7ef2-fa17-4745-38a374331d8c,2325,10501,79,450.09,99
1107.8,2026/09/22 06:45:46.342,GPU-f7f152a8-7ef2-fa17-4745-38a374331d8c,2325,10501,79,450.08,99
1112.9,2026/09/22 06:45:51.424,GPU-f7f152a8-7ef2-fa17-4745-38a374331d8c,2340,10501,79,449.98,99
1118.0,2026/09/22 06:45:56.508,GPU-f7f152a8-7ef2-fa17-4745-38a374331d8c,2340,10501,79,450.21,99
1123.1,2026/09/22 06:46:01.592,GPU-f7f152a8-7ef2-fa17-4745-38a374331d8c,2340,10501,79,450.02,99
1128.2,2026/09/22 06:46:06.676,GPU-f7f152a8-7ef2-fa17-4745-38a374331d8c,2325,10501,79,450.03,99
1133.3,2026/09/22 06:46:11.760,GPU-f7f152a8-7ef2-fa17-4745-38a374331d8c,2325,10501,79,450.11,99
1138.3,2026/09/22 06:46:16.844,GPU-f7f152a8-7ef2-fa17-4745-38a374331d8c,2325,10501,79,450.02,99
1143.4,2026/09/22 06:46:21.928,GPU-f7f152a8-7ef2-fa17-4745-38a374331d8c,2340,10501,79,450.07,99
1148.5,2026/09/22 06:46:26.992,GPU-f7f152a8-7ef2-fa17-4745-38a374331d8c,2325,10501,79,449.96,99
1153.6,2026/09/22 06:46:32.076,GPU-f7f152a8-7ef2-fa17-4745-38a374331d8c,2340,10501,79,450.05,99
1158.7,2026/09/22 06:46:37.160,GPU-f7f152a8-7ef2-fa17-4745-38a374331d8c,2325,10501,79,450.17,99
1163.7,2026/09/22 06:46:42.245,GPU-f7f152a8-7ef2-fa17-4745-38a374331d8c,2340,10501,79,450.38,99
1168.8,2026/09/22 06:46:47.329,GPU-f7f152a8-7ef2-fa17-4745-38a374331d8c,2340,10501,79,450.12,99
1173.9,2026/09/22 06:46:52.417,GPU-f7f152a8-7ef2-fa17-4745-38a374331d8c,2325,10501,78,450.18,99
1179.0,2026/09/22 06:46:57.481,GPU-f7f152a8-7ef2-fa17-4745-38a374331d8c,2340,10501,78,450.12,99
1184.1,2026/09/22 06:47:02.572,GPU-f7f152a8-7ef2-fa17-4745-38a374331d8c,2325,10501,78,450.12,99
1189.2,2026/09/22 06:47:07.663,GPU-f7f152a8-7ef2-fa17-4745-38a374331d8c,2340,10501,78,449.99,99
1194.2,2026/09/22 06:47:12.754,GPU-f7f152a8-7ef2-fa17-4745-38a374331d8c,2325,10501,78,450.06,99
1199.3,2026/09/22 06:47:17.849,GPU-f7f152a8-7ef2-fa17-4745-38a374331d8c,2325,10501,78,450.0,99
